{
  "project_info": {
    "project_number": "538904923265",
    "project_id": "chatapp-14c59",
    "storage_bucket": "chatapp-14c59.appspot.com"
  },
  "client": [
    {
      "client_info": {
        "mobilesdk_app_id": "1:538904923265:android:f777db9fdbb29dfd0a5180",
        "android_client_info": {
          "package_name": "com.emineakduman.chatapp"
        }
      },
      "oauth_client": [
        {
          "client_id": "538904923265-dp2elfmkskm98c6n8pilfag5ek2djsb4.apps.googleusercontent.com",
          "client_type": 3
        }
      ],
      "api_key": [
        {
          "current_key": "AIzaSyBpMpirhkoPZiZbZxCpz_xjWJKfzj6yvbk"
        }
      ],
      "services": {
        "appinvite_service": {
          "other_platform_oauth_client": [
            {
              "client_id": "538904923265-dp2elfmkskm98c6n8pilfag5ek2djsb4.apps.googleusercontent.com",
              "client_type": 3
            }
          ]
        }
      }
    }
  ],
  "configuration_version": "1"
}